TenureGroup,用户数,流失人数,平均订单数,平均App使用时长,平均满意度
0-6个月,1642,425,2.6839220462850184,3.135809987819732,3.0907429963459196
13-24个月,1467,95,3.704839809134288,2.936605316973415,3.087934560327198
24个月以上,429,0,3.5454545454545454,2.874125874125874,3.0536130536130535
7-12个月,1584,156,2.7474747474747474,2.8775252525252526,2.98989898989899
新用户,508,272,1.889763779527559,2.5078740157480315,3.1791338582677167
